Date,Action,Ticker,Shares,Price,Value
2019-01-03,BUY,SPY,457.7386,218.47,100000.0
2019-02-14,SELL,SPY,457.7386,245.45,112354.13
2019-02-14,BUY,UVXY,0.9198,122150.0,112354.13
2019-02-15,SELL,UVXY,0.9198,116225.0,106904.29
2019-02-15,BUY,SPY,430.8406,248.13,106904.29
2019-02-26,SELL,SPY,430.8406,249.87,107655.88
2019-02-26,BUY,UVXY,0.9832,109500.0,107655.88
2019-03-01,SELL,UVXY,0.9832,102200.0,100478.83
2019-03-01,BUY,SPY,400.5406,250.86,100478.83
2019-03-04,SELL,SPY,400.5406,249.95,100113.34
2019-03-04,BUY,UVXY,0.9449,105950.0,100113.34
2019-03-05,SELL,UVXY,0.9449,106675.0,100798.4
2019-03-05,BUY,SPY,403.8307,249.61,100798.4
2019-03-19,SELL,SPY,403.8307,253.74,102468.83
2019-03-19,BUY,UVXY,1.0663,96100.0,102468.83
2019-03-21,SELL,UVXY,1.0663,95350.0,101669.12
2019-03-21,BUY,SPY,397.4001,255.84,101669.12
2019-03-22,SELL,SPY,397.4001,250.91,99712.32
2019-03-22,BUY,UVXY,0.8905,111975.0,99712.32
2019-03-25,SELL,UVXY,0.8905,112175.0,99890.42
2019-03-25,BUY,SPY,398.4094,250.72,99890.42
2019-03-27,SELL,SPY,398.4094,251.27,100108.79
2019-03-27,BUY,UVXY,0.9493,105450.0,100108.79
2019-03-28,SELL,UVXY,0.9493,102100.0,96928.47
2019-03-28,BUY,SPY,384.2958,252.22,96928.47
2019-04-01,SELL,SPY,384.2958,256.82,98696.36
2019-04-01,BUY,UVXY,1.043,94625.0,98696.36
2019-04-02,SELL,UVXY,1.043,94300.0,98357.38
2019-04-02,BUY,SPY,382.7883,256.95,98357.38
2019-04-08,SELL,SPY,382.7883,259.48,99327.31
2019-04-08,BUY,UVXY,1.0984,90425.0,99327.31
2019-04-10,SELL,UVXY,1.0984,91350.0,100343.37
2019-04-10,BUY,SPY,387.3746,259.03,100343.37
2019-04-15,SELL,SPY,387.3746,260.54,100928.09
2019-04-15,BUY,UVXY,1.2487,80825.0,100928.09
2019-05-02,SELL,UVXY,1.2487,84275.0,105236.18
2019-05-02,BUY,SPY,402.2311,261.63,105236.18
2019-05-14,SELL,SPY,402.2311,254.64,102424.39
2019-05-14,BUY,QLD,9220.0975,11.11,102424.39
2019-05-15,SELL,QLD,9220.0975,11.41,105222.12
2019-05-15,BUY,SPY,410.8119,256.13,105222.12
2019-05-20,SELL,SPY,410.8119,255.13,104812.4
2019-05-20,BUY,BIL,1389.0394,75.46,104812.4
2019-05-22,SELL,BIL,1389.0394,75.47,104835.3
2019-05-22,BUY,SPY,408.4849,256.64,104835.3
2019-05-23,SELL,SPY,408.4849,253.51,103554.38
2019-05-23,BUY,BIL,1371.7679,75.49,103554.38
2019-05-30,SELL,BIL,1371.7679,75.52,103599.65
2019-05-30,BUY,QLD,9749.1567,10.63,103599.65
2019-05-31,SELL,QLD,9749.1567,10.27,100136.3
2019-05-31,BUY,BIL,1325.9096,75.52,100136.3
2019-06-03,SELL,BIL,1325.9096,75.52,100131.9
2019-06-03,BUY,QLD,10176.4667,9.84,100131.9
2019-06-05,SELL,QLD,10176.4667,10.53,107161.37
2019-06-05,BUY,SPY,421.4883,254.25,107161.37
2019-07-15,SELL,SPY,421.4883,271.54,114452.69
2019-07-15,BUY,UVXY,1.7834,64175.0,114452.69
2019-07-18,SELL,UVXY,1.7834,65900.0,117529.14
2019-07-18,BUY,SPY,435.5985,269.81,117529.14
2019-08-06,SELL,SPY,435.5985,259.85,113191.09
2019-08-06,BUY,QLD,9993.0561,11.33,113191.09
2019-08-07,SELL,QLD,9993.0561,11.42,114165.28
2019-08-07,BUY,SPY,439.0883,260.01,114165.28
2019-10-03,SELL,SPY,439.0883,263.43,115668.27
2019-10-03,BUY,SSO,7799.531,14.83,115668.27
2019-10-04,SELL,SSO,7799.531,15.23,118785.02
2019-10-04,BUY,SPY,444.8993,266.99,118785.02
2019-11-05,SELL,SPY,444.8993,278.49,123902.03
2019-11-05,BUY,UVXY,2.639,46950.0,123902.03
2019-11-12,SELL,UVXY,2.639,43675.0,115259.24
2019-11-12,BUY,SPY,411.2268,280.28,115259.24
2019-11-13,SELL,SPY,411.2268,280.37,115296.58
2019-11-13,BUY,UVXY,2.6204,44000.0,115296.58
2019-11-14,SELL,UVXY,2.6204,43100.0,112938.25
2019-11-14,BUY,SPY,402.2299,280.78,112938.25
2019-11-15,SELL,SPY,402.2299,282.81,113755.54
2019-11-15,BUY,UVXY,2.8227,40300.0,113755.54
2019-11-21,SELL,UVXY,2.8227,41600.0,117425.08
2019-11-21,BUY,SPY,417.2393,281.43,117425.08
2019-11-29,SELL,SPY,417.2393,285.1,118954.09
2019-11-29,BUY,UVXY,3.2063,37100.0,118954.09
2019-12-02,SELL,UVXY,3.2063,39675.0,127210.33
2019-12-02,BUY,SPY,450.0216,282.68,127210.33
2019-12-09,SELL,SPY,450.0216,284.71,128124.73
2019-12-09,BUY,UVXY,3.1558,40600.0,128124.73
2019-12-11,SELL,UVXY,3.1558,39325.0,124101.11
2019-12-11,BUY,SPY,435.1406,285.2,124101.11
2019-12-17,SELL,SPY,435.1406,289.87,126133.78
2019-12-17,BUY,UVXY,3.9233,32150.0,126133.78
2019-12-18,SELL,UVXY,3.9233,32725.0,128389.67
2019-12-18,BUY,SPY,442.8953,289.89,128389.67
2019-12-20,SELL,SPY,442.8953,292.35,129481.16
2019-12-20,BUY,UVXY,4.0463,32000.0,129481.16
2019-12-31,SELL,UVXY,4.0463,32225.0,130391.58
2019-12-31,BUY,SPY,444.4436,293.38,130391.58
2020-01-03,SELL,SPY,444.4436,293.88,130614.42
2020-01-03,BUY,UVXY,4.0158,32525.0,130614.42
2020-01-06,SELL,UVXY,4.0158,32050.0,128706.91
2020-01-06,BUY,SPY,436.2884,295.0,128706.91
2020-01-14,SELL,SPY,436.2884,298.48,130222.04
2020-01-14,BUY,UVXY,4.7225,27575.0,130222.04
2020-01-15,SELL,UVXY,4.7225,27425.0,129513.67
2020-01-15,BUY,SPY,432.9366,299.15,129513.67
2020-01-16,SELL,SPY,432.9366,301.64,130590.98
2020-01-16,BUY,UVXY,4.9373,26450.0,130590.98
2020-01-27,SELL,UVXY,4.9373,33875.0,167250.26
2020-01-27,BUY,SPY,567.1874,294.88,167250.26
2020-02-20,SELL,SPY,567.1874,307.14,174203.9
2020-02-20,BUY,UVXY,6.1829,28175.0,174203.9
2020-02-21,SELL,UVXY,6.1829,30850.0,190743.22
2020-02-21,BUY,SPY,627.4995,303.97,190743.22
2020-02-26,SELL,SPY,627.4995,283.94,178171.11
2020-02-26,BUY,VIXM,7971.8617,22.35,178171.11
2020-02-28,SELL,VIXM,7971.8617,23.6,188135.94
2020-02-28,BUY,SPXL,3900.5819,48.23,188135.94
2020-03-03,SELL,SPXL,3900.5819,49.62,193563.65
2020-03-03,BUY,VIXM,7936.1893,24.39,193563.65
2020-03-10,SELL,VIXM,7936.1893,30.11,238958.67
2020-03-10,BUY,SPXL,5659.1364,42.23,238958.67
2020-03-11,SELL,SPXL,5659.1364,36.07,204146.66
2020-03-11,BUY,VIXM,6381.5773,31.99,204146.66
2020-03-13,SELL,VIXM,6381.5773,33.16,211613.1
2020-03-13,BUY,SPXL,6477.8838,32.67,211613.1
2020-03-16,SELL,SPXL,6477.8838,21.6,139935.7
2020-03-16,BUY,VIXM,3569.7881,39.2,139935.7
2020-03-24,SELL,VIXM,3569.7881,34.16,121943.96
2020-03-24,BUY,SSO,12586.1048,9.69,121943.96
2020-03-25,SELL,SSO,12586.1048,9.96,125374.38
2020-03-25,BUY,SPY,554.0757,226.28,125374.38
2020-06-08,SELL,SPY,554.0757,296.34,164192.25
2020-06-08,BUY,UVXY,2.3069,71175.0,164192.25
2020-06-12,SELL,UVXY,2.3069,101150.0,233341.0
2020-06-12,BUY,SPY,836.576,278.92,233341.0
2020-08-05,SELL,SPY,836.576,305.84,255862.41
2020-08-05,BUY,UVXY,4.4498,57500.0,255862.41
2020-08-06,SELL,UVXY,4.4498,56675.0,252191.34
2020-08-06,BUY,SPY,819.0978,307.89,252191.34
2020-08-10,SELL,SPY,819.0978,309.03,253126.77
2020-08-10,BUY,UVXY,4.7247,53575.0,253126.77
2020-08-12,SELL,UVXY,4.7247,52650.0,248756.41
2020-08-12,BUY,SPY,800.495,310.75,248756.41
2020-08-18,SELL,SPY,800.495,311.86,249641.11
2020-08-18,BUY,UVXY,5.0999,48950.0,249641.11
2020-08-20,SELL,UVXY,5.0999,49550.0,252701.06
2020-08-20,BUY,SPY,811.1694,311.53,252701.06
2020-08-25,SELL,SPY,811.1694,316.9,257063.6
2020-08-25,BUY,UVXY,5.2302,49150.0,257063.6
2020-09-04,SELL,UVXY,5.2302,63250.0,330809.21
2020-09-04,BUY,SPY,1048.5982,315.48,330809.21
2020-10-29,SELL,SPY,1048.5982,305.1,319926.96
2020-10-29,BUY,BIL,4174.0002,76.65,319926.96
2020-10-30,SELL,BIL,4174.0002,76.65,319926.96
2020-10-30,BUY,SPY,1059.6448,301.92,319926.96
2020-11-17,SELL,SPY,1059.6448,333.43,353316.73
2020-11-17,BUY,UVXY,11.5369,30625.0,353316.73
2020-11-18,SELL,UVXY,11.5369,32200.0,371487.31
2020-11-18,BUY,SPY,1127.7124,329.42,371487.31
2020-12-07,SELL,SPY,1127.7124,341.26,384844.07
2020-12-07,BUY,UVXY,13.8433,27800.0,384844.07
2020-12-10,SELL,UVXY,13.8433,28200.0,390381.39
2020-12-10,BUY,SPY,1151.3003,339.08,390381.39
2021-01-11,SELL,SPY,1151.3003,351.63,404831.21
2021-01-11,BUY,UVXY,14.6017,27725.0,404831.21
2021-01-12,SELL,UVXY,14.6017,26425.0,385849.05
2021-01-12,BUY,SPY,1097.0856,351.7,385849.05
2021-01-13,SELL,SPY,1097.0856,352.65,386888.25
2021-01-13,BUY,UVXY,14.9957,25800.0,386888.25
2021-01-14,SELL,UVXY,14.9957,26225.0,393261.4
2021-01-14,BUY,SPY,1119.0768,351.42,393261.4
2021-01-15,SELL,SPY,1119.0768,348.85,390393.5
2021-01-15,BUY,UVXY,14.3264,27250.0,390393.5
2021-01-19,SELL,UVXY,14.3264,26050.0,373201.86
2021-01-19,BUY,SPY,1061.4616,351.59,373201.86
2021-02-18,SELL,SPY,1061.4616,362.8,385098.11
2021-02-18,BUY,UVXY,16.4748,23375.0,385098.11
2021-02-19,SELL,UVXY,16.4748,22025.0,362857.15
2021-02-19,BUY,SPY,1001.9272,362.16,362857.15
2021-02-25,SELL,SPY,1001.9272,355.01,355693.65
2021-02-25,BUY,UVXY,13.9079,25575.0,355693.65
2021-02-26,SELL,UVXY,13.9079,23850.0,331702.58
2021-02-26,BUY,QLD,11727.8219,28.28,331702.58
2021-03-01,SELL,QLD,11727.8219,29.96,351308.22
2021-03-01,BUY,SPY,971.1588,361.74,351308.22
2021-03-05,SELL,SPY,971.1588,356.22,345942.85
2021-03-05,BUY,QLD,12714.1643,27.21,345942.85
2021-03-08,SELL,QLD,12714.1643,25.66,326258.09
2021-03-08,BUY,SPY,920.4813,354.44,326258.09
2021-03-09,SELL,SPY,920.4813,359.5,330916.26
2021-03-09,BUY,QLD,11950.4201,27.69,330916.26
2021-03-10,SELL,QLD,11950.4201,27.53,328939.14
2021-03-10,BUY,SPY,909.3216,361.74,328939.14
2021-03-29,SELL,SPY,909.3216,368.7,335268.59
2021-03-29,BUY,UVXY,21.9488,15275.0,335268.59
2021-03-31,SELL,UVXY,21.9488,14125.0,310027.42
2021-03-31,BUY,SPY,839.6951,369.21,310027.42
2021-04-14,SELL,SPY,839.6951,383.3,321854.98
2021-04-14,BUY,UVXY,26.5996,12100.0,321854.98
2021-04-15,SELL,UVXY,26.5996,11525.0,306560.22
2021-04-15,BUY,SPY,791.2918,387.42,306560.22
2021-04-19,SELL,SPY,791.2918,386.8,306073.68
2021-04-19,BUY,UVXY,25.829,11850.0,306073.68
2021-04-20,SELL,UVXY,25.829,12200.0,315113.83
2021-04-20,BUY,SPY,820.6718,383.97,315113.83
2021-05-10,SELL,SPY,820.6718,389.35,319525.09
2021-05-10,BUY,UVXY,29.5857,10800.0,319525.09
2021-05-12,SELL,UVXY,29.5857,15150.0,448222.7
2021-05-12,BUY,SPY,1186.8009,377.67,448222.7
2021-05-13,SELL,SPY,1186.8009,382.21,453606.94
2021-05-13,BUY,QLD,15724.911,28.85,453606.94
2021-05-14,SELL,QLD,15724.911,30.11,473410.08
2021-05-14,BUY,SPY,1219.8811,388.08,473410.08
2021-07-06,SELL,SPY,1219.8811,404.63,493600.06
2021-07-06,BUY,UVXY,70.4137,7010.0,493600.06
2021-07-09,SELL,UVXY,70.4137,6990.0,492191.79
2021-07-09,BUY,SPY,1209.1667,407.05,492191.79
2021-07-12,SELL,SPY,1209.1667,408.51,493954.76
2021-07-12,BUY,UVXY,71.6915,6890.0,493954.76
2021-07-14,SELL,UVXY,71.6915,6767.5,485172.55
2021-07-14,BUY,SPY,1189.9553,407.72,485172.55
2021-07-15,SELL,SPY,1189.9553,406.33,483515.41
2021-07-15,BUY,UVXY,69.8469,6922.5,483515.41
2021-07-16,SELL,UVXY,69.8469,7340.0,512676.5
2021-07-16,BUY,SPY,1271.6967,403.14,512676.5
2021-09-21,SELL,SPY,1271.6967,406.58,517049.51
2021-09-21,BUY,QLD,13717.9584,37.69,517049.51
2021-09-23,SELL,QLD,13717.9584,39.11,536560.8
2021-09-23,BUY,SPY,1291.2479,415.54,536560.8
2021-09-29,SELL,SPY,1291.2479,407.35,525991.35
2021-09-29,BUY,QLD,14498.5077,36.28,525991.35
2021-10-04,SELL,QLD,14498.5077,34.91,506157.34
2021-10-04,BUY,SPY,1259.3998,401.9,506157.34
2021-10-05,SELL,SPY,1259.3998,406.09,511423.89
2021-10-05,BUY,QLD,14267.8871,35.84,511423.89
2021-10-06,SELL,QLD,14267.8871,36.29,517835.96
2021-10-06,BUY,SPY,1269.9122,407.77,517835.96
2021-10-26,SELL,SPY,1269.9122,427.52,542912.26
2021-10-26,BUY,UVXY,131.6949,4122.5,542912.26
2021-11-11,SELL,UVXY,131.6949,4030.0,530730.49
2021-11-11,BUY,SPY,1220.5125,434.84,530730.49
2021-12-16,SELL,SPY,1220.5125,437.36,533797.56
2021-12-16,BUY,UVXY,139.1003,3837.5,533797.56
2021-12-20,SELL,UVXY,139.1003,4237.5,589437.7
2021-12-20,BUY,SPY,1376.8712,428.1,589437.7
2021-12-30,SELL,SPY,1376.8712,448.03,616876.88
2021-12-30,BUY,UVXY,195.8339,3150.0,616876.88
2021-12-31,SELL,UVXY,195.8339,3107.5,608553.94
2021-12-31,BUY,SPY,1361.7259,446.9,608553.94
2022-01-05,SELL,SPY,1361.7259,440.71,600123.11
2022-01-05,BUY,UVXY,182.1314,3295.0,600123.11
2022-01-07,SELL,UVXY,182.1314,3167.5,576901.35
2022-01-07,BUY,SPY,1315.4657,438.55,576901.35
2022-01-20,SELL,SPY,1315.4657,420.36,552963.43
2022-01-20,BUY,QLD,15268.9927,36.21,552963.43
2022-01-31,SELL,QLD,15268.9927,36.4,555828.99
2022-01-31,BUY,BIL,7259.4411,76.57,555828.99
2022-02-01,SELL,BIL,7259.4411,76.56,555768.12
2022-02-01,BUY,SPY,1304.0405,426.19,555768.12
2022-02-24,SELL,SPY,1304.0405,403.0,525522.6
2022-02-24,BUY,QLD,16580.1065,31.7,525522.6
2022-02-25,SELL,QLD,16580.1065,32.67,541735.49
2022-02-25,BUY,SPY,1315.2516,411.89,541735.49
2022-04-08,SELL,SPY,1315.2516,422.44,555608.89
2022-04-08,BUY,UVXY,169.6516,3275.0,555608.89
2022-04-12,SELL,UVXY,169.6516,3600.0,610745.65
2022-04-12,BUY,BIL,7975.6372,76.58,610745.65
2022-04-14,SELL,BIL,7975.6372,76.57,610678.9
2022-04-14,BUY,UVXY,183.1121,3335.0,610678.9
2022-04-19,SELL,UVXY,183.1121,3032.5,555287.48
2022-04-19,BUY,SPY,1321.9634,420.05,555287.48
2022-04-21,SELL,SPY,1321.9634,413.46,546578.29
2022-04-21,BUY,UVXY,167.9196,3255.0,546578.29
2022-04-25,SELL,UVXY,167.9196,3712.5,623401.51
2022-04-25,BUY,SPY,1541.3721,404.45,623401.51
2022-04-27,SELL,SPY,1541.3721,393.84,607049.36
2022-04-27,BUY,QLD,22508.5454,26.97,607049.36
2022-04-29,SELL,QLD,22508.5454,26.27,591375.7
2022-04-29,BUY,SPY,1520.7816,388.86,591375.7
2022-05-10,SELL,SPY,1520.7816,376.68,572844.94
2022-05-10,BUY,QLD,23793.4877,24.08,572844.94
2022-05-11,SELL,QLD,23793.4877,22.63,538415.47
2022-05-11,BUY,SPY,1452.4524,370.69,538415.47
2022-05-12,SELL,SPY,1452.4524,370.31,537853.3
2022-05-12,BUY,QLD,23872.8468,22.53,537853.3
2022-05-16,SELL,QLD,23872.8468,23.63,564144.63
2022-05-16,BUY,SPY,1493.9409,377.62,564144.63
2022-06-14,SELL,SPY,1493.9409,352.87,527173.33
2022-06-14,BUY,QLD,26461.4233,19.92,527173.33
2022-06-16,SELL,QLD,26461.4233,19.22,508616.35
2022-06-16,BUY,SPY,1469.7359,346.06,508616.35
2022-06-17,SELL,SPY,1469.7359,346.81,509712.86
2022-06-17,BUY,BIL,6652.5546,76.62,509712.86
2022-06-22,SELL,BIL,6652.5546,76.64,509880.15
2022-06-22,BUY,SPY,1436.7211,354.89,509880.15
2022-07-05,SELL,SPY,1436.7211,362.07,520189.62
2022-07-05,BUY,BIL,6786.0999,76.66,520189.62
2022-07-06,SELL,BIL,6786.0999,76.66,520189.62
2022-07-06,BUY,SPY,1431.8852,363.29,520189.62
2022-08-16,SELL,SPY,1431.8852,407.32,583236.83
2022-08-16,BUY,UVXY,259.7937,2245.0,583236.83
2022-08-18,SELL,UVXY,259.7937,2187.5,568298.69
2022-08-18,BUY,SPY,1401.1131,405.61,568298.69
2022-09-01,SELL,SPY,1401.1131,375.77,526502.1
2022-09-01,BUY,SSO,22101.3206,23.82,526502.1
2022-09-02,SELL,SSO,22101.3206,23.32,515421.25
2022-09-02,BUY,SPY,1386.2423,371.81,515421.25
2022-09-06,SELL,SPY,1386.2423,370.41,513476.59
2022-09-06,BUY,QLD,23406.5722,21.94,513476.59
2022-09-08,SELL,QLD,23406.5722,23.05,539485.76
2022-09-08,BUY,SPY,1421.4654,379.53,539485.76
2022-09-23,SELL,SPY,1421.4654,350.22,497825.13
2022-09-23,BUY,QLD,25793.9546,19.3,497825.13
2022-09-29,SELL,QLD,25793.9546,18.78,484449.55
2022-09-29,BUY,SPY,1402.9481,345.31,484449.55
2022-09-30,SELL,SPY,1402.9481,339.97,476958.28
2022-09-30,BUY,QLD,26344.1123,18.1,476958.28
2022-10-04,SELL,QLD,26344.1123,20.15,530821.09
2022-10-04,BUY,SPY,1475.5,359.76,530821.09
2022-10-12,SELL,SPY,1475.5,339.38,500752.91
2022-10-12,BUY,QLD,28756.5481,17.41,500752.91
2022-10-14,SELL,QLD,28756.5481,17.1,491663.76
2022-10-14,BUY,SPY,1444.3835,340.4,491663.76
2022-10-17,SELL,SPY,1444.3835,349.14,504298.06
2022-10-17,BUY,BIL,6545.0058,77.05,504298.06
2022-10-18,SELL,BIL,6545.0058,77.05,504298.06
2022-10-18,BUY,SPY,1427.6097,353.25,504298.06
2022-11-23,SELL,SPY,1427.6097,383.03,546815.41
2022-11-23,BUY,UVXY,284.7997,1920.0,546815.41
2022-11-29,SELL,UVXY,284.7997,1997.5,568887.39
2022-11-29,BUY,SPY,1512.2536,376.19,568887.39
2022-12-01,SELL,SPY,1512.2536,387.75,586375.68
2022-12-01,BUY,UVXY,320.4239,1830.0,586375.68
2022-12-02,SELL,UVXY,320.4239,1780.0,570354.49
2022-12-02,BUY,SPY,1472.6339,387.3,570354.49
2022-12-29,SELL,SPY,1472.6339,366.64,539925.24
2022-12-29,BUY,QLD,31082.75,17.37,539925.24
2022-12-30,SELL,QLD,31082.75,17.36,539463.4
2022-12-30,BUY,SPY,1475.26,365.67,539463.4
2023-01-30,SELL,SPY,1475.26,383.04,565080.2
2023-01-30,BUY,UVXY,447.5883,1262.5,565080.2
2023-01-31,SELL,UVXY,447.5883,1227.5,549414.61
2023-01-31,BUY,SPY,1413.5773,388.67,549414.61
2023-02-03,SELL,SPY,1413.5773,394.28,557348.73
2023-02-03,BUY,UVXY,455.909,1222.5,557348.73
2023-02-06,SELL,UVXY,455.909,1272.5,580144.18
2023-02-06,BUY,SPY,1480.4398,391.87,580144.18
2023-03-13,SELL,SPY,1480.4398,368.48,545505.06
2023-03-13,BUY,SSO,25180.1563,21.66,545505.06
2023-03-15,SELL,SSO,25180.1563,22.12,557072.15
2023-03-15,BUY,SPY,1496.6074,372.22,557072.15
2023-04-12,SELL,SPY,1496.6074,391.66,586161.18
2023-04-12,BUY,UVXY,544.0011,1077.5,586161.18
2023-04-13,SELL,UVXY,544.0011,1020.0,554881.12
2023-04-13,BUY,SPY,1398.1705,396.86,554881.12
2023-04-24,SELL,SPY,1398.1705,396.06,553753.85
2023-04-24,BUY,UVXY,590.6708,937.5,553753.85
2023-04-27,SELL,UVXY,590.6708,942.5,556707.2
2023-04-27,BUY,BIL,7071.251,78.73,556707.2
2023-04-28,SELL,BIL,7071.251,78.73,556707.2
2023-04-28,BUY,SPY,1394.4754,399.22,556707.2
2023-06-13,SELL,SPY,1394.4754,419.12,584453.64
2023-06-13,BUY,UVXY,1034.4312,565.0,584453.64
2023-06-22,SELL,UVXY,1034.4312,495.0,512043.45
2023-06-22,BUY,SPY,1217.6056,420.53,512043.45
2023-07-19,SELL,SPY,1217.6056,438.54,533967.64
2023-07-19,BUY,UVXY,1225.3991,435.75,533967.64
2023-07-21,SELL,UVXY,1225.3991,427.0,523245.4
2023-07-21,BUY,SPY,1201.1246,435.63,523245.4
2023-07-25,SELL,SPY,1201.1246,438.77,527017.72
2023-07-25,BUY,UVXY,1268.394,415.5,527017.72
2023-07-26,SELL,UVXY,1268.394,399.25,506406.31
2023-07-26,BUY,SPY,1153.9718,438.84,506406.31
2023-07-27,SELL,SPY,1153.9718,435.93,503048.88
2023-07-27,BUY,UVXY,1173.2919,428.75,503048.88
2023-07-28,SELL,UVXY,1173.2919,403.75,473716.59
2023-07-28,BUY,SPY,1076.1491,440.2,473716.59
2023-08-18,SELL,SPY,1076.1491,420.52,452545.99
2023-08-18,BUY,QLD,15288.8114,29.6,452545.99
2023-08-22,SELL,QLD,15288.8114,30.47,465798.25
2023-08-22,BUY,SPY,1103.4917,422.11,465798.25
2023-09-21,SELL,SPY,1103.4917,417.07,460229.44
2023-09-21,BUY,BIL,5729.8062,80.32,460229.44
2023-09-22,SELL,BIL,5729.8062,80.33,460279.45
2023-09-22,BUY,QLD,15621.9589,29.46,460279.45
2023-09-26,SELL,QLD,15621.9589,28.82,450269.96
2023-09-26,BUY,SPY,1093.5798,411.74,450269.96
2023-09-27,SELL,SPY,1093.5798,411.9,450449.71
2023-09-27,BUY,QLD,15545.1506,28.98,450449.71
2023-09-29,SELL,QLD,15545.1506,29.48,458247.99
2023-09-29,BUY,SPY,1108.7907,413.29,458247.99
2023-10-03,SELL,SPY,1108.7907,407.59,451934.03
2023-10-03,BUY,SSO,17807.9607,25.38,451934.03
2023-10-05,SELL,SSO,17807.9607,25.7,457590.86
2023-10-05,BUY,SPY,1114.9733,410.41,457590.86
2023-10-26,SELL,SPY,1114.9733,398.85,444709.33
2023-10-26,BUY,BIL,5509.2205,80.72,444709.33
2023-10-27,SELL,BIL,5509.2205,80.75,444854.68
2023-10-27,BUY,QLD,16382.6508,27.15,444854.68
2023-10-30,SELL,QLD,16382.6508,27.74,454456.45
2023-10-30,BUY,SSO,18557.7479,24.49,454456.45
2023-10-31,SELL,SSO,18557.7479,24.78,459897.92
2023-10-31,BUY,BIL,5694.9026,80.76,459897.92
2023-11-01,SELL,BIL,5694.9026,80.78,460038.87
2023-11-01,BUY,SPY,1125.818,408.63,460038.87
2023-11-17,SELL,SPY,1125.818,435.82,490656.67
2023-11-17,BUY,UVXY,1760.2033,278.75,490656.67
2023-11-20,SELL,UVXY,1760.2033,275.0,484055.91
2023-11-20,BUY,SPY,1102.1883,439.18,484055.91
2023-11-21,SELL,SPY,1102.1883,438.22,483000.94
2023-11-21,BUY,UVXY,1810.6877,266.75,483000.94
2023-11-22,SELL,UVXY,1810.6877,270.0,488885.68
2023-11-22,BUY,SPY,1111.3265,439.91,488885.68
2023-12-01,SELL,SPY,1111.3265,443.86,493269.39
2023-12-01,BUY,UVXY,1990.9965,247.75,493269.39
2023-12-06,SELL,UVXY,1990.9965,248.25,494264.89
2023-12-06,BUY,SPY,1124.1966,439.66,494264.89
2023-12-13,SELL,SPY,1124.1966,454.88,511372.15
2023-12-13,BUY,UVXY,2372.9566,215.5,511372.15
2023-12-21,SELL,UVXY,2372.9566,243.0,576628.45
2023-12-21,BUY,SPY,1256.6605,458.86,576628.45
2024-01-24,SELL,SPY,1256.6605,471.18,592108.49
2024-01-24,BUY,UVXY,3149.5132,188.0,592108.49
2024-02-01,SELL,UVXY,3149.5132,198.5,625178.38
2024-02-01,BUY,SPY,1316.5126,474.87,625178.38
2024-03-08,SELL,SPY,1316.5126,496.74,653958.09
2024-03-08,BUY,UVXY,3525.3805,185.5,653958.09
2024-03-11,SELL,UVXY,3525.3805,182.5,643381.94
2024-03-11,BUY,SPY,1296.3359,496.31,643381.94
2024-03-14,SELL,SPY,1296.3359,499.87,648000.14
2024-03-14,BUY,UVXY,3724.1387,174.0,648000.14
2024-03-15,SELL,UVXY,3724.1387,179.75,669413.94
2024-03-15,BUY,SPY,1348.4337,496.44,669413.94
2024-03-22,SELL,SPY,1348.4337,507.52,684355.96
2024-03-22,BUY,UVXY,4283.9184,159.75,684355.96
2024-03-25,SELL,UVXY,4283.9184,158.25,677930.09
2024-03-25,BUY,SPY,1339.4729,506.12,677930.09
2024-04-01,SELL,SPY,1339.4729,508.44,681047.12
2024-04-01,BUY,UVXY,4283.3152,159.0,681047.12
2024-04-02,SELL,UVXY,4283.3152,165.25,707817.84
2024-04-02,BUY,SPY,1401.0327,505.21,707817.84
2024-04-18,SELL,SPY,1401.0327,486.4,681460.78
2024-04-18,BUY,SSO,19744.6466,34.51,681460.78
2024-04-19,SELL,SSO,19744.6466,33.91,669639.63
2024-04-19,BUY,QLD,17737.988,37.75,669639.63
2024-04-23,SELL,QLD,17737.988,39.65,703262.94
2024-04-23,BUY,BIL,8492.087,82.81,703262.94
2024-04-24,SELL,BIL,8492.087,82.81,703262.94
2024-04-24,BUY,SPY,1429.0063,492.13,703262.94
2024-05-17,SELL,SPY,1429.0063,515.54,736713.8
2024-05-17,BUY,UVXY,5812.3377,126.75,736713.8
2024-05-20,SELL,UVXY,5812.3377,126.6,735841.94
2024-05-20,BUY,SPY,1425.6724,516.14,735841.94
2024-06-13,SELL,SPY,1425.6724,528.2,753041.99
2024-06-13,BUY,UVXY,6384.4172,117.95,753041.99
2024-06-21,SELL,UVXY,6384.4172,123.45,788156.28
2024-06-21,BUY,SPY,1481.7261,531.92,788156.28
2024-07-08,SELL,SPY,1481.7261,542.44,803745.42
2024-07-08,BUY,UVXY,7452.438,107.85,803745.42
2024-07-12,SELL,UVXY,7452.438,104.9,781760.75
2024-07-12,BUY,SPY,1429.0749,547.04,781760.75
2024-07-17,SELL,SPY,1429.0749,544.06,777502.75
2024-07-17,BUY,UVXY,6796.3526,114.4,777502.75
2024-07-19,SELL,UVXY,6796.3526,127.05,863476.62
2024-07-19,BUY,SPY,1610.0805,536.29,863476.62
2024-07-25,SELL,SPY,1610.0805,525.96,846836.01
2024-07-25,BUY,QLD,18765.2323,45.13,846836.01
2024-07-29,SELL,QLD,18765.2323,46.18,866555.95
2024-07-29,BUY,SPY,1628.3691,532.16,866555.95
2024-07-31,SELL,SPY,1628.3691,538.07,876179.77
2024-07-31,BUY,QLD,18419.3847,47.57,876179.77
2024-08-01,SELL,QLD,18419.3847,45.27,833797.28
2024-08-01,BUY,SPY,1571.8607,530.45,833797.28
2024-08-05,SELL,SPY,1571.8607,505.42,794442.1
2024-08-05,BUY,VIXM,39901.6627,19.91,794442.1
2024-08-07,SELL,VIXM,39901.6627,16.97,677131.19
2024-08-07,BUY,QLD,16772.4694,40.37,677131.19
2024-08-09,SELL,QLD,16772.4694,43.29,725999.15
2024-08-09,BUY,SPY,1394.3715,520.66,725999.15
2024-08-22,SELL,SPY,1394.3715,543.36,757641.36
2024-08-22,BUY,UVXY,6036.9829,125.5,757641.36
2024-08-29,SELL,UVXY,6036.9829,113.85,687310.5
2024-08-29,BUY,SPY,1260.1085,545.44,687310.5
2024-09-03,SELL,SPY,1260.1085,539.31,679592.49
2024-09-03,BUY,UVXY,4802.7738,141.5,679592.49
2024-09-06,SELL,UVXY,4802.7738,151.8,729061.07
2024-09-06,BUY,SPY,1381.1543,527.86,729061.07
2024-10-02,SELL,SPY,1381.1543,557.41,769867.93
2024-10-02,BUY,UVXY,5648.3339,136.3,769867.93
2024-10-03,SELL,UVXY,5648.3339,145.4,821267.71
2024-10-03,BUY,SPY,1476.065,556.39,821267.71
2024-10-07,SELL,SPY,1476.065,556.37,821238.8
2024-10-07,BUY,UVXY,5291.4872,155.2,821238.8
2024-10-08,SELL,UVXY,5291.4872,146.25,773880.0
2024-10-08,BUY,SPY,1377.9121,561.63,773880.0
2024-11-12,SELL,SPY,1377.9121,584.88,805919.57
2024-11-12,BUY,UVXY,7775.3937,103.65,805919.57
2024-11-13,SELL,UVXY,7775.3937,100.1,778316.9
2024-11-13,BUY,SPY,1330.0724,585.17,778316.9
2024-12-09,SELL,SPY,1330.0724,592.51,788078.45
2024-12-09,BUY,UVXY,8183.5766,96.3,788078.45
2024-12-13,SELL,UVXY,8183.5766,95.4,780713.22
2024-12-13,BUY,SPY,1318.6666,592.05,780713.22
2024-12-17,SELL,SPY,1318.6666,592.13,780816.56
2024-12-17,BUY,UVXY,7688.9861,101.55,780816.56
2024-12-19,SELL,UVXY,7688.9861,143.85,1106060.69
2024-12-19,BUY,SSO,24281.0088,45.55,1106060.69
2024-12-20,SELL,SSO,24281.0088,46.59,1131190.42
2024-12-20,BUY,VIXM,76277.1699,14.83,1131190.42
2024-12-23,SELL,VIXM,76277.1699,14.24,1086186.88
2024-12-23,BUY,SPY,1857.7446,584.68,1086186.88
2025-02-05,SELL,SPY,1857.7446,594.05,1103593.03
2025-02-05,BUY,UVXY,11956.5872,92.3,1103593.03
2025-02-06,SELL,UVXY,11956.5872,91.35,1092234.22
2025-02-06,BUY,SPY,1832.2554,596.11,1092234.22
2025-02-26,SELL,SPY,1832.2554,584.53,1071013.54
2025-02-26,BUY,UVXY,11162.205,95.95,1071013.54
2025-02-27,SELL,UVXY,11162.205,104.1,1161985.53
2025-02-27,BUY,SPY,2020.1325,575.2,1161985.53
2025-02-28,SELL,SPY,2020.1325,584.18,1180118.76
2025-02-28,BUY,QLD,22480.6838,52.49,1180118.76
2025-03-03,SELL,QLD,22480.6838,50.25,1129681.63
2025-03-03,BUY,SPY,1968.278,573.94,1129681.63
2025-03-04,SELL,SPY,1968.278,567.15,1116309.86
2025-03-04,BUY,QLD,22378.8936,49.88,1116309.86
2025-03-06,SELL,QLD,22378.8936,48.37,1082502.49
2025-03-06,BUY,SPY,1922.4999,563.07,1082502.49
2025-03-07,SELL,SPY,1922.4999,566.23,1088569.91
2025-03-07,BUY,QLD,22197.7348,49.04,1088569.91
2025-03-10,SELL,QLD,22197.7348,45.33,1006119.12
2025-03-10,BUY,SPY,1825.5089,551.14,1006119.12
2025-03-11,SELL,SPY,1825.5089,546.56,997755.36
2025-03-11,BUY,VIXM,60506.6936,16.49,997755.36
2025-03-12,SELL,VIXM,60506.6936,16.02,969317.26
2025-03-12,BUY,QLD,21056.8804,46.03,969317.26
2025-03-17,SELL,QLD,21056.8804,47.06,990943.97
2025-03-17,BUY,SPY,1777.1466,557.6,990943.97
2025-04-04,SELL,SPY,1777.1466,498.27,885498.29
2025-04-04,BUY,VIXM,47968.4905,18.46,885498.29
2025-04-07,SELL,VIXM,47968.4905,18.0,863432.83
2025-04-07,BUY,SPXL,8656.0536,99.75,863432.83
2025-04-10,SELL,SPXL,8656.0536,109.0,943477.09
2025-04-10,BUY,SPY,1823.8424,517.3,943477.09
2025-05-14,SELL,SPY,1823.8424,579.44,1056803.11
2025-05-14,BUY,UVXY,9546.5505,110.7,1056803.11
2025-05-21,SELL,UVXY,9546.5505,118.95,1135562.15
2025-05-21,BUY,SPY,1975.6694,574.77,1135562.15
2025-06-11,SELL,SPY,1975.6694,593.02,1171604.97
2025-06-11,BUY,UVXY,11486.3233,102.0,1171604.97
2025-06-12,SELL,UVXY,11486.3233,103.75,1191706.04
2025-06-12,BUY,SPY,2001.6109,595.37,1191706.04
2025-07-07,SELL,SPY,2001.6109,613.88,1228744.88
2025-07-07,BUY,UVXY,13162.7735,93.35,1228744.88
2025-07-08,SELL,UVXY,13162.7735,90.2,1187282.13
2025-07-08,BUY,SPY,1935.1283,613.54,1187282.13
2025-07-28,SELL,SPY,1935.1283,629.96,1219053.24
2025-07-28,BUY,UVXY,16484.8315,73.95,1219053.24
2025-07-29,SELL,UVXY,16484.8315,76.5,1261089.61
2025-07-29,BUY,SPY,2007.1509,628.3,1261089.61
2025-09-08,SELL,SPY,2007.1509,641.72,1288027.99
2025-09-08,BUY,UVXY,22756.6789,56.6,1288027.99
2025-09-11,SELL,UVXY,22756.6789,53.7,1222033.67
2025-09-11,BUY,SPY,1878.8287,650.42,1222033.67
2025-09-16,SELL,SPY,1878.8287,652.77,1226437.52
2025-09-16,BUY,UVXY,21998.8793,55.75,1226437.52
2025-09-24,SELL,UVXY,21998.8793,53.85,1184639.62
2025-09-24,BUY,SPY,1806.7681,655.67,1184639.62
2025-11-21,SELL,SPY,1806.7681,653.61,1180930.47
2025-11-21,BUY,QLD,18089.6846,65.28,1180930.47
2025-11-24,SELL,QLD,18089.6846,68.65,1241819.89
2025-11-24,BUY,SPY,1872.3674,663.24,1241819.89
